n,α,β,θ,ρ
10,2.2978394596485203,2.360923124696987,0.20791985730477552,0.5766627621391122
25,0.9380094918947037,1.8249859758994693,0.5657961162560091,0.5766627632942684
50,0.7959990111721729,1.615374324272044,0.7631766333548284,0.5766627626576273
75,0.9000657432025244,1.542191596391421,0.7653638671681443,0.5766627626491776
100,0.8340473625664049,1.6386927421838877,0.6980026866683653,0.5766627626373042
125,0.8660292929954474,1.5990687458401058,0.7472919473830971,0.5766627626481103
150,0.7894979215054698,1.6252051221905999,0.7891391568133642,0.5766627625817474
175,0.8099418937683547,1.59691431166801,0.8394176982980693,0.5766627625969192
200,0.8616350548562902,1.568678054025889,0.8272684289255452,0.5766627626495178
